<?xml version="1.0" encoding="UTF-8"?>
<?xml-stylesheet type="text/xsl" href="resto.xsl"?>
<menu>
  <title>
	<dish>chicken tikka</dish>
	<description>A yummy creamy chicken recipe with a thick gravy</description>
	<ingredient>chicken,tomato,tikka masala</ingredient>
	<price>$18.50</price>
  </title>	
  <title>
	<dish>chicken fry</dish>
	<description>crispy, aromatic succulent chicken</description>
	<ingredient>chicken, grind ginger, wheat flour, white eggs</ingredient>
	<price>$14.50</price>
  </title>
  <title>
	<dish>fish tikka</dish>
	<description>lemony, savoury, crispy fish</description>
	<ingredient>fried fish, tikka masala, ground spices</ingredient>
	<price>$17.00</price>
  </title>	
  <title>
	<dish>Afghani Chicken</dish>
	<description>chicken marinated in a rich creamy marinade made with cashew nut paste, cream, lemon juice, cheese and ginger-garlic paste</description>
	<ingredient>chicken, garam masala, cashew nuts</ingredient>
	<price>$18.50</price>
  </title>
  <title>
	<dish>Chicken Kebab</dish>
	<price>$14.50</price>
  </title>	
  <title>	
	<dish>Butter Chicken</dish>
	<description>Rich and creamy blend of veggies and curry and spices with a blend of meat</description>
	<ingredient>Tomatoes,Chicken, Potato</ingredient>
	<price>$18.50</price>
  </title>
  <title>	
	<dish>Tandoori Salmon</dish>
	<description>Wrapped grilled salmon with spiced yogurt marinades</description>
	<ingredient>Honey, chilli, salmon, garam masala</ingredient>
	<price>$19.50</price>
  </title>	
  <title>
	<dish>Chicken Garlic Prawn</dish>
	<description>Cooked in a spicy garlic sauce followed by a vegetable broth</description>
	<ingredient>Chicken breasts,jumbo shrimp, with fresh herbs</ingredient>
	<price>$18.00</price>
  </title>
  <title>		
	<dish>Chicken Tikka Masala</dish>
	<description>Chicken thighs marinated in spicy sauce and cooked in garam masala</description>
	<ingredient>Chicken, Cream and tomato sauce</ingredient>
	<price>$15.95</price>
  </title>	
  <title>
	<dish>Chiken Biryani</dish>
	<description>Savory Chicken and rice dish with layers of chicken and aromatics steamed together</description>
	<ingredient>Rice, meat, marinade and spices</ingredient>
	<price>$14.50</price>
  </title>
  <title>
	<dish>Paneer Naan</dish>
	<description>Naan topped with paneer with dipping sauce</description>
	<ingredient>Whole wheat flour with cottage cheese and green chillies</ingredient>
	<price>$4.50</price>
  </title>		
  <title>
	<dish>Aloo Tikka</dish>
	<description>Mildy spiced potato patties dunked in chickpea curry</description>
	<ingredient>boiled potatoes mixed with spices and fried</ingredient>
	<price>$10.50</price>
  </title>
  <title>
	<dish>Vegetable Samosas</dish>
	<description>Crispy deep fried samosas with 3 fillings</description>
	<ingredient>spiced potatoes,onions,peas deep fried served with chutney</ingredient>
	<price>$6.95</price>
  </title>
  <title>
	<dish>Paneer Tikka Masala</dish>
	<description>Grilled chunks of Indian Cheese in spicy gravy</description>
	<ingredient>Paneer,greek yoghurt,masala and cream</ingredient>
	<price>$18.00</price>
  </title>
  <title>
	<dish>Garlic Basilic Naan</dish>
	<description>Herby,garlicy butter naan with a mix of herbs</description>
	<ingredient>Herbs, garlic, butter, oregano,parsley, basil and parsley</ingredient>
	<price>$15.95</price>
  </title>
  <title>
	<dish>Kashmiri Kofta</dish>
	<description>Traditional brahmin recipe using freshly grounded spices</description>
	<ingredient>Cottage cheese with ginger powder and ground spices</ingredient>
	<price>$4.50</price>
  </title>
  <title>		
	<dish>Paneer Naan</dish>
	<description>Naan is topped off with paneer, a cheese commonly used in Indian cooking</description>
	<ingredient>whole wheat flour, yeast-water mixture, curds, ghee and salt in a deep bowl, mix well and knead into a soft dough</ingredient>
	<price>$4.50</price>
  </title>
</menu>
	
